nome,telefone,ultimo_pedido,email
Vicente Pinto,+55 (051) 6088 5455,2025-04-09,joao-pedrofernandes@hotmail.com
Eduarda da Luz,71 4658-0223,2025-04-03,joana42@hotmail.com
Nathan Alves,(084) 7244-8814,2025-04-13,luiz-gustavo93@gmail.com
Laura Barros,+55 81 3159-2124,2025-04-19,marina27@mendes.net
Dr. João Pedro Campos,51 6404 9209,2025-03-03,da-matacalebe@dias.com
Isabelly da Rosa,41 8475-5135,2025-03-21,martinsdaniela@nogueira.br
Pedro Miguel da Cunha,11 4445 4613,2025-02-22,ramosjoao-vitor@barbosa.br
Maria Julia Cardoso,(031) 7188 4321,2025-01-26,brendamelo@uol.com.br
Sra. Elisa Jesus,31 9366 4942,2025-03-08,leonardo71@rodrigues.br
Sr. João Miguel Fernandes,+55 84 4795 5208,2025-03-22,juan49@cavalcanti.com
Fernando Farias,+55 (041) 5216 2347,2025-03-05,costelaluiza@alves.br
João Pedro Farias,61 3249-9615,2025-04-12,ysales@santos.net
Ana Beatriz Lima,+55 (071) 1522 4307,2025-04-07,slopes@hotmail.com
Breno da Conceição,0500 549 0606,2025-04-10,luiz-miguel39@gmail.com
Gabriela Carvalho,(021) 3468 0576,2025-04-09,larissa39@hotmail.com
Anthony Pereira,+55 (021) 0331-0921,2025-02-18,agathaferreira@yahoo.com.br
Marcela Almeida,(081) 6013 3713,2025-03-09,ana-julia01@da.net
Maria Eduarda Farias,0500 246 2154,2025-03-31,omoreira@duarte.br
Maria Vitória Castro,+55 41 1967-9117,2025-02-22,melopedro@araujo.br
Bárbara da Conceição,+55 (071) 8777-5568,2025-02-01,lorenapereira@uol.com.br
Luiz Henrique Aragão,(031) 2029-3541,2025-03-25,ggoncalves@hotmail.com
Pedro Nascimento,+55 61 1106-4921,2025-03-23,kaiquepinto@yahoo.com.br
Lívia da Luz,+55 31 7004-4884,2025-03-03,duartelevi@uol.com.br
Carolina Correia,11 6977 0056,2025-03-16,vcorreia@da.br
Leandro Souza,0500-711-4695,2025-02-11,calebeda-rosa@bol.com.br
Rafael Araújo,+55 41 0267 1474,2025-03-07,daniela95@uol.com.br
Maitê Ramos,81 5011 8149,2025-02-27,ana52@ig.com.br
Bryan Aragão,(051) 9923 5860,2025-03-15,cmoura@yahoo.com.br
Daniela Caldeira,+55 41 6189 1839,2025-02-05,vieirafernando@moreira.com
Vitória Vieira,(084) 6972 0944,2025-01-26,joao-miguel03@silveira.com
Luiz Felipe Caldeira,+55 (081) 1266 7833,2025-02-08,lda-conceicao@santos.br
Ian Farias,0500-463-0222,2025-03-12,ana-liviaramos@yahoo.com.br
Dr. Alexandre da Costa,(061) 6121-7187,2025-04-07,davi-lucas77@hotmail.com
Luiz Felipe Lopes,0300 625 4377,2025-02-24,nmoura@correia.br
Eloah Vieira,+55 (031) 5178-8003,2025-02-26,vfogaca@bol.com.br
João Felipe Nunes,+55 (021) 8701 5324,2025-03-08,costamarcos-vinicius@aragao.com
Ana Julia Pires,+55 21 8690-1459,2025-02-27,alvesalexia@hotmail.com
Maria Eduarda da Luz,(051) 0428-8762,2025-04-03,isabellima@nunes.br
Maria Luiza Ferreira,+55 71 3808-6785,2025-02-20,murilo78@hotmail.com
Luiz Henrique da Mata,(031) 7491-3675,2025-03-09,dda-cruz@moraes.com
Sr. Ian Vieira,0800 978 0283,2025-03-29,barbosalevi@ribeiro.com
Helena Silveira,21 1922-0538,2025-03-20,lsilveira@bol.com.br
Sabrina Lopes,+55 (081) 4953 9363,2025-02-13,cardosogabrielly@ribeiro.br
Dra. Sarah Correia,51 2014 9891,2025-02-19,da-motavicente@teixeira.com
Lavínia da Rocha,+55 51 5185 8654,2025-02-12,luiz-henrique75@silva.com
Vitória Pereira,(084) 8837-9779,2025-04-16,alana35@hotmail.com
Brenda Moraes,+55 (031) 3667 7848,2025-03-11,xsantos@ig.com.br
Sra. Olivia Moura,(021) 9976 4743,2025-03-28,luiza30@da.com
Heitor Fogaça,51 3353 1452,2025-02-02,martinsesther@ig.com.br
Rafael Lima,+55 (031) 2422 6490,2025-01-30,emanuel84@nogueira.org
Lavínia Novaes,+55 71 4651-3318,2025-03-18,rochaluiz-gustavo@uol.com.br
Luiz Gustavo Almeida,41 1611 4474,2025-03-10,natalia06@ig.com.br
Vicente Novaes,0800 126 8626,2025-02-21,gustavo-henriquevieira@bol.com.br
Ana Clara Barbosa,84 9540 9038,2025-02-24,mendeskevin@uol.com.br
Kamilly da Costa,(021) 8613 0624,2025-02-08,emanuellima@correia.com
Marcelo Barbosa,31 9024-3757,2025-04-18,stephanyfernandes@ig.com.br
Ana Vitória Pereira,(031) 7367-3059,2025-03-22,gda-rosa@ig.com.br
Juan Freitas,(011) 4798-8392,2025-02-09,moraesesther@da.com
Mariana das Neves,0500 717 2292,2025-02-20,beniciocardoso@cardoso.org
João Pedro Rocha,(071) 5430 9105,2025-02-04,matheuspeixoto@nascimento.org
Calebe Santos,(051) 0686-6316,2025-02-02,fariasisaac@bol.com.br
Lucca Campos,+55 81 9923-1747,2025-02-15,fernandoporto@aragao.br
Srta. Lívia Sales,+55 41 9445 8154,2025-03-10,sofiafreitas@mendes.br
Sophia Freitas,+55 84 8683-1078,2025-03-29,maria-luiza26@hotmail.com
Dr. Matheus Lopes,(041) 5440 0987,2025-03-14,zlopes@hotmail.com
Lucas Caldeira,21 3568 0774,2025-03-12,danilomoraes@da.br
Murilo Freitas,(061) 0985-5578,2025-02-21,nunesjoao-miguel@goncalves.br
Dr. Theo da Luz,+55 41 2149 8054,2025-03-07,nda-cruz@bol.com.br
Srta. Lívia Castro,+55 61 3684 6565,2025-02-19,pereiravalentina@dias.br
Eduarda Pereira,(084) 3627-8348,2025-04-20,alicecardoso@cavalcanti.br
Dra. Eduarda da Mota,+55 (051) 5785 3624,2025-01-31,da-cruzsofia@gmail.com
Emanuella Jesus,+55 71 6459 8099,2025-04-07,csilveira@uol.com.br
Valentina Almeida,+55 (081) 3292-5465,2025-03-17,alana72@ig.com.br
Pedro Cunha,21 6813 8710,2025-04-17,carlos-eduardo88@hotmail.com
Sarah Correia,71 1928 8619,2025-04-15,maria-vitoria15@ig.com.br
Laís Castro,11 9827 4155,2025-02-10,caio66@gmail.com
André Cunha,21 0313 2115,2025-04-05,da-conceicaoemanuelly@gmail.com
Luigi Lopes,+55 84 6809-4725,2025-02-18,zcardoso@hotmail.com
Isabelly Martins,31 5955 3663,2025-03-11,kamilly55@ribeiro.br
Samuel Silva,+55 (071) 4536-7464,2025-02-22,enricoviana@gmail.com
Dra. Evelyn Cavalcanti,(011) 9122-4667,2025-04-10,xda-costa@nogueira.org
Agatha Moura,11 5989 0978,2025-04-16,azevedomaria-vitoria@rezende.com
Dr. Marcos Vinicius Nogueira,+55 41 7230-6076,2025-04-02,arthur07@yahoo.com.br
Vitor Gabriel da Cunha,(061) 7837-9060,2025-03-17,joaocunha@bol.com.br
João Guilherme Gomes,+55 (021) 7091-8226,2025-04-06,mendescecilia@costa.br
João Felipe Costela,+55 51 6607 0567,2025-04-13,jsilveira@costa.br
Vinicius Sales,(061) 4192 5124,2025-02-11,salesalicia@da.org
Pedro Lucas Nunes,(071) 5985 3813,2025-03-25,emoraes@barros.com
Dr. João Gabriel Lopes,+55 31 5287 4307,2025-04-14,fernandesyago@souza.com
Luigi Campos,+55 (031) 5906-8488,2025-03-30,da-pazmaria-vitoria@hotmail.com
Natália Nunes,+55 84 9954-2768,2025-04-13,luiz-henriqueda-mata@yahoo.com.br
Beatriz Pinto,71 5939 8162,2025-03-14,bmoreira@uol.com.br
Dra. Carolina Mendes,(011) 6345 2808,2025-04-16,xrocha@yahoo.com.br
Gabriela Ramos,+55 (061) 3193 4925,2025-02-26,cmoreira@gmail.com
Kevin Silva,0800 518 4133,2025-04-21,novaesgiovanna@monteiro.com
Theo Monteiro,+55 (021) 6099 7840,2025-02-14,caldeiraantonio@gmail.com
Davi Lucas Lima,61 4284-1136,2025-03-19,xcardoso@peixoto.br
Thiago Costa,(011) 0140-2878,2025-02-11,vicentemoura@hotmail.com
Heloísa da Luz,(031) 6500 4267,2025-02-13,pereiradavi-lucas@da.br
Vitor Gabriel Costela,+55 (051) 0093-1337,2025-04-09,caiomonteiro@uol.com.br
Dr. Carlos Eduardo da Rosa,+55 84 4621 1308,2025-03-27,asilveira@yahoo.com.br
Camila Teixeira,+55 (061) 0464-2473,2025-02-15,da-luzcaio@moreira.br
Maria da Rocha,+55 (011) 2133-0417,2025-03-20,da-rosathales@gmail.com
Nicolas das Neves,+55 (084) 7114-9960,2025-03-13,benicioteixeira@gmail.com
Luiz Gustavo Pinto,+55 (084) 4212 8107,2025-03-10,prezende@bol.com.br
Dr. Rafael Novaes,+55 51 0160 1202,2025-02-19,salesrafaela@alves.br
Guilherme Martins,+55 (084) 8978-7024,2025-03-20,bsouza@gmail.com
Maria Vitória Teixeira,+55 31 7999-5124,2025-04-01,goncalvesjoao-lucas@ig.com.br
Juliana Nogueira,71 7972 3896,2025-03-25,limapedro@ig.com.br
Maria Sophia Rocha,+55 (041) 6741 5619,2025-04-10,danilosales@gmail.com
Lara Teixeira,(041) 8293-0804,2025-03-25,costelaluigi@costa.br
Maria Oliveira,+55 (061) 9497 3031,2025-03-04,francisco24@bol.com.br
Raquel da Mota,41 4990 6726,2025-04-15,gomesjoao-gabriel@peixoto.net
João Novaes,+55 (041) 8887 1013,2025-01-25,ana63@bol.com.br
Marina Melo,41 4871-1642,2025-03-26,cardosojoao-vitor@pinto.com
Bruno Vieira,(084) 7999-6234,2025-03-13,ana-livia44@bol.com.br
Luiz Gustavo das Neves,84 6147 5578,2025-03-14,juliateixeira@cardoso.com
Pietra Aragão,21 9895 4870,2025-03-25,azevedodavi@bol.com.br
Brenda Correia,21 0001-1314,2025-03-31,rodriguescaroline@yahoo.com.br
Paulo da Rosa,(061) 1302 2550,2025-04-17,kevin01@rodrigues.br
Joana Nogueira,+55 (031) 0724-4031,2025-01-30,azevedoluiz-felipe@uol.com.br
Heitor da Mota,(031) 9264 5285,2025-02-12,bruno29@gmail.com
Luiz Miguel Azevedo,+55 (041) 7018 7317,2025-03-05,da-costagiovanna@lima.org
Dra. Lívia Oliveira,+55 61 0427-1705,2025-02-25,xnunes@campos.br
Ana Lívia Mendes,31 1978 0076,2025-03-30,alvesalicia@hotmail.com
Sr. Davi Nascimento,21 8064-2329,2025-03-31,raquelramos@gmail.com
Manuela Moraes,+55 (084) 0059 1305,2025-03-18,thiago92@bol.com.br
Catarina Aragão,31 6801-0815,2025-02-24,beatrizpinto@moura.com
Diego Lima,+55 31 3145-0652,2025-01-27,erezende@gmail.com
Fernando Costa,+55 51 6822 0651,2025-03-20,manuela08@hotmail.com
Pedro Miguel Cavalcanti,61 2812 0114,2025-02-26,luana58@novaes.org
Davi Lucca Farias,+55 (041) 9033 3507,2025-02-24,danielada-rosa@bol.com.br
Maria Clara Souza,11 6734-8225,2025-02-01,azevedoana-sophia@uol.com.br
Maria Julia Lopes,+55 (071) 0778 5183,2025-01-27,caroline22@oliveira.br
Ana Lívia Fernandes,(041) 8428 6533,2025-02-01,carolinamelo@bol.com.br
Sr. Paulo da Cunha,+55 (061) 3805-4444,2025-02-16,da-conceicaomarcos-vinicius@bol.com.br
Laís Campos,+55 (061) 0306 9602,2025-03-26,da-conceicaodiogo@yahoo.com.br
Helena Barbosa,+55 (061) 8812 6803,2025-02-08,fariasisaac@gmail.com
Luigi Rezende,(031) 6281 9643,2025-02-19,rafaela37@da.com
Bruna Ribeiro,+55 51 0345 5830,2025-04-07,fernandeseduarda@cavalcanti.net
Ana Clara Porto,+55 (041) 6744 9666,2025-02-05,ana-lauradias@yahoo.com.br
Luana Moreira,0500-908-6472,2025-02-04,nicoleoliveira@uol.com.br
Sofia Caldeira,(051) 7767-2494,2025-04-14,vieiraisabelly@campos.com
Vicente Moura,+55 (081) 9317-8763,2025-03-23,pedro-henriquealmeida@da.br
Pietro Alves,61 4660-4268,2025-04-05,otavio55@da.net
Sr. Lorenzo Cardoso,+55 11 5616-0481,2025-04-11,diasluna@pires.br
Dr. Theo Barbosa,71 7985-4806,2025-03-20,enzo25@rezende.net
Joana da Paz,(081) 7205 4185,2025-01-27,tsouza@hotmail.com
Gustavo Jesus,(021) 4745-6509,2025-03-19,barrosalexia@yahoo.com.br
Maria Vitória Duarte,0300-934-0876,2025-03-21,tteixeira@ig.com.br
Raul Pinto,(011) 3350-7138,2025-03-13,sophie75@campos.br
Erick Dias,+55 71 0364-3473,2025-04-09,carvalhofernando@cunha.br
Luiza Dias,+55 11 8561-7250,2025-04-02,emillyrezende@nogueira.br
Theo Castro,(084) 8759-5125,2025-03-05,jjesus@martins.br
Pedro Pinto,0800-890-7837,2025-02-26,fogacanina@barbosa.com
Maria Luiza da Mota,21 0434-4201,2025-02-15,pereiramaite@gmail.com
Sr. Igor Rodrigues,+55 (031) 5364-2586,2025-03-26,fcavalcanti@gmail.com
Antônio da Rosa,+55 71 6545 5993,2025-04-02,lauracavalcanti@rocha.net
Dra. Lara Cardoso,71 5101 5954,2025-03-16,vitor-hugorodrigues@yahoo.com.br
João Pedro Azevedo,61 8084-9051,2025-04-05,barbosaenrico@alves.br
Davi Viana,+55 81 9952-9470,2025-03-27,nribeiro@hotmail.com
Eloah Costa,21 8855-5262,2025-04-24,aragaonicolas@uol.com.br
Beatriz das Neves,+55 (021) 2386-7972,2025-03-08,jesusnatalia@da.org
Sophia Rezende,+55 (081) 4317 9648,2025-02-24,andrenovaes@yahoo.com.br
Dra. Eduarda da Cunha,61 1448-2814,2025-02-11,das-nevesjuan@gmail.com
Stephany Farias,+55 (081) 7257 3813,2025-03-02,pietra00@cardoso.com
Calebe Barros,+55 41 2226 6264,2025-03-24,carvalhodavi-lucas@vieira.org
Felipe Dias,+55 (061) 1624-8539,2025-02-01,fariascaio@pinto.com
Mariane Peixoto,+55 (071) 4991 7777,2025-04-24,alicia32@ig.com.br
Pedro Miguel Gomes,+55 (061) 4405-9438,2025-02-23,valentinamoreira@da.br
Melissa Farias,41 0075-1622,2025-01-27,castropedro-lucas@ig.com.br
Levi Silva,+55 21 2700 9800,2025-04-15,marcos-viniciusmoraes@hotmail.com
Carlos Eduardo Gonçalves,(011) 0131 9140,2025-03-04,maria-clara58@ig.com.br
Nicole Rezende,11 2722-6645,2025-02-14,carvalhorodrigo@yahoo.com.br
Alana Viana,+55 (061) 3335-3745,2025-02-28,dcavalcanti@nunes.com
Sophia Caldeira,0500 408 1306,2025-02-10,isabellyviana@yahoo.com.br
Joana Duarte,(011) 6567 8127,2025-03-26,lorenzo25@gmail.com
Sabrina Caldeira,84 2549-6714,2025-04-02,joaomoreira@gmail.com
Sra. Emilly Souza,(084) 1313 1967,2025-03-09,heloisacastro@ribeiro.com
Evelyn da Luz,+55 (061) 6165-8401,2025-02-25,da-costavalentina@aragao.com
Gabriela Gomes,(051) 1639-4278,2025-04-25,andrebarros@azevedo.com
Paulo Moraes,(071) 2106 2219,2025-04-09,paulopires@dias.br
Sr. Leandro Alves,(021) 1408 6116,2025-03-11,pcavalcanti@bol.com.br
Luiz Felipe Silva,31 4947-1753,2025-04-15,araujoagatha@castro.br
Marcela da Mata,+55 (051) 3507 8455,2025-01-29,miguel05@rocha.br
Gabrielly Mendes,+55 (051) 8209-1710,2025-03-14,daniela59@uol.com.br
Isis Cardoso,+55 (041) 2611-8989,2025-04-23,fmelo@nascimento.org
Ana Luiza Melo,71 0534 5608,2025-02-04,danieladias@pinto.org
Cauê Fernandes,81 2541 3016,2025-02-02,isis45@uol.com.br
Bruno Nascimento,41 5218-1348,2025-03-01,ana-julia68@silveira.com
João Guilherme Ferreira,0500-541-5042,2025-03-07,enzo70@ribeiro.br
Emanuel da Luz,+55 (041) 1091 9086,2025-03-06,mouraluiz-otavio@bol.com.br
Bryan da Conceição,+55 61 1713-2309,2025-03-26,caldeiraemanuelly@farias.br
Otávio Araújo,0300 530 7451,2025-02-25,ada-rocha@pereira.br
Sophie da Cruz,+55 (051) 3616-4519,2025-02-04,da-rochaotavio@carvalho.org
Alícia da Paz,(031) 8554-6115,2025-04-22,limajulia@bol.com.br
Isabel da Costa,0500-085-7061,2025-04-16,usales@ferreira.net
Arthur Farias,+55 11 2272-5898,2025-03-13,moliveira@da.com
Luiz Fernando Rocha,+55 (061) 8342 4962,2025-01-25,rafael22@da.br
Diogo Carvalho,+55 84 6058-7758,2025-03-06,stephanyda-rosa@ig.com.br
